UTllIzpAT1RlYW0gSUQ2TEg/KSk9,OytpQXBaUDIxMzk6cDEvMzo7,e2FrTFkzIk9TQnFrUDlJUQ==,bDU6TTJ0RFdpbmRvd3MuaG1RUUc9
c1x8VDd+N0ZvciBtYXplMDAuanBnZXlaImczYg==,YlRxV25mbzEwMCoiJykoWHw=
OGZ7UkQ2Njc+UH1mbjFC,S0RGO2VURjNkM2hOVn0z,ZVRIZUszNDEwJDFRSEp7Ng==,SUpyTj81QTEwTys8djFLbA==,L1slei1FazZIPyp1bFpl,VXk9ITE2NTNWOXshTGJx,ImY5OldvJzEwMGM2K2ZGYg==,NjQjQldlVzZBTT1WUix3,ODFQVz1JIjNuRGIzeEJm,IW5UfSwsejZbYVIrfC9j
dUA1JV1tKDFpOHdbMz58,OjdLRn1TcDEyfENdM2AtTg==,WyRXcUtAJTNiQ2VONzxh,WDJpYFltWDEwN1RXYk98dQ==,KnI2RkN6STEyUDlyRWk5aQ==,LydvKEA7WjV9JUs9Q1xQ,eXlueVEiTzdXMHtcJXJD,RTM0OiMoYzkxcDElcmRC,VW9XUHhlazEyaD1YW3phZA==,TzFvWi9oUzU/bHl1ajx9
c11lO0dWZTFJXDg7LldE,bVo2IjhkaTE0YVJ6V25TSQ==,PFQhNDkveDksU1hJTHps,emJGJTFxcDZ+RU4sZTot,MUdJNiV8LDdVOk12emhT,QzI1W0p9fjVXcTB2SUNI,K3VeaS0pXTlUczYiZEUh,fEs3SWZcTzEwSXY3a0gpYA==,bG9AYiVpPTYxbHwmVSJx,LiE+XWY4cTUsYk9qe0g3
R1A8V3tvMTVZbS5uOFlq,KUBYJyZTLDNafl1mImxw,cFN1NmU7ZjYpZlM9cmZH,VT1taUtdZzVEKURiR1dS,dVAqZk5aOTUoQjkrPj1U,JndGZD9ffjlYdWZOfDty,cjJMNShlJDY5fDZPJGFN,Z3F9fGRjOTNVdjdzdlNo,aycmc1o/SjEyXjpwWCF+cg==,KmkzXHhifDVaV0xFcUx+
NCdTLEtTTjUxck8+UjB7,T0lBTl45NTVONlxTO1JA,PEpRbjUjKzlQcThyMSdC,LmNXSTwpQjEyPiskQVktcA==,dUVEPWY1KDFrbWN8VGcx,Qml6dic6YTE0flkuY3E1Nw==,JGBOJHBnVTk7Nkg/KDVW,QGUid1tBPTRhRj4ifXIz,d2AvWCFpdjMpU0VsXHJl,VSFoa1gnYzQ+PThpdTdI
IU1xYF1aUzUsX3wpU2M9,MGk4Z04vPDk8OUxmYXw0,L3UyOiFNSTZDK0RgNVJB,a3s1LTBVXTc3cXlUeUYq,M0syKnNAVTF+KDcpMm16,dDFFUUlbfDEwS0x8c0gzfg==,ZT5VRXl5ZDEwY0Y+VkhuNQ==,PjVKU2FEWTEyXmtEIVElTw==,dUd0U0ZRXzV3L3F9ajgj,L0RtYCV8WzEzbkNyPDw7UQ==
UFlHbFxERDlGQU0vfEhw,I29FayRmYDYjcHwnL0Rf,VyJ3XTZZWTVJJF9YMCMw,IX5ocUt4JDF3SUBXeG5p,fTZUKXtgaThccEM7ZnZy,X0V7TyMpczEwRHp4MEdhXQ==,dCNXfCJQZDEwNyh8fD86JA==,YXR8J2d0cjE0UmQ9N0JaMQ==,WyVMTUNVbjkwXDo5TVpg,Lmk+Nl4pSzZyOjEudWl8
QF9iLipiRzcoMkNlKU5t,K30wbkN9dTVxUGpIZkt4,P2VeQ0BiJTUxYjhLRU0w,aUpWSV0xLTlaeGQxXDcy,dDdaUi1aPDY1NDlWVzYt,bzNyWUx+YjNNfWhdOiUj,Mktue1FwejZvZWA/VUsh,QVxyI3xVTTMwQFRYTyFy,SDs5QyQ/KDY+P1gzdTpv,ZSZ6cGk1UTVhWyd5eF1U
TjRgNWYlPTU2azcuM3Ep,VSRITktqdTUoP0lhM1Fx,fnxeN3FSUDlZOkMqMlou,YSY+QjFDIjE0NVtzUyI6Lw==,KjdJSiRdWTEzO3lQTmUtOA==,R35IOk5pbzVYeX4vcWgq,ZnssdllobDk8W0lcdTlC,dkBgPiFGbDEyTHF2TkEpaQ==,YWxlI1RUMjV8VWNXbUJx,eSdSSXVwQzVDfjY/Om18
KUA/O0VLTjlKMyFCSTpx,MW06Jj4qZzgsK0cjc2JN,W0xdSG44IjEwPSQzSVU2Kg==,YVJycVAqNzEwJVM2dF5RRw==,KSJkalBpSjEwVmo0T0sqOw==,MGkpQTc1RjEyeVVfTV0jMQ==,cU93diY3YDExY35GYmNTLQ==,d3B5Q3o3OjEwKy9NaCFgUw==,YVU7cnRPWjgrbCErbXFS,Z1c9ZSpJbzEycksvX19QUA==
dUtNVHw9NUZvciBtYXplMDEuanBnYm9TbFdRTg==,N3BWelNwPTEwMDhQMXAuLVs=
UiJ3dXE4RDcyel4wLndV,MkErY2ZsJDExfSNdfSs4Lw==,ZEpiRzQqTDJqNm1bR0Zm,SEVQdVFRPDJyMTlqSVIv,ODhaLDwzXTY2PENiZmM8,LkIyJCxtNzdXXSZXblk3,P0lHajJRVzNFYlk0K1Nr,JG0iUEtDWDE0MH15d1ZQRg==,MDJQTipKaTdxdXY5dl53,QlpAWG18bDdRe110SUN2
Q2BFcEQtcDlgaik5bkNr,fUlGKXQxITEwNSl4dTpafA==,UX5XQF90MzRCbDNifVg5,RUspP0QtMjEzInZtZi9ZOQ==,eXFGWzhWRTEzYW0iXXlrYA==,WGhjRVUucTlYTSY5eXRi,XCZBTkZkbDBsQnxtYmlS,T2Q0Si89MDEwPSx+c31baw==,VGZMT3JjMzAxdlkmLl0h,YnwlN2FQVjQ1VH5bNiVW
d1R1b3IrcjNpXkdsLDlr,d0VNbWdXKjE0cTopdWxTfQ==,UDQwaz40JDEwSHt8T0ZP,R1t1UShIdTJdIStTbHt0,XDtaVSphIjE0NV8iI2Q4fg==,TUgjbls0czExWSIvaD1eYA==,elR2KkxMODBzXjk1T2VX,Z3Q+Y3I8MDE0ajU1V30kdw==,VC5EIWlgazEzfSI/SSZZbA==,WzFQMn4wRjEzQTFOaX0kdw==
OX1odkx3YjFwfCtpaFJk,Rkx7MD01NTJqOiVCPFh6,W0l4T2VaaDEyTWdeS2Y1Wg==,Yy1Gd1dkYjEzfHNHKXwsQw==,WEpwfGBUJzExZWtRT25XVg==,d3lmfFsiLTIxVUJ7JUki,dDssQ0VqOTEyXjw+Q31gLw==,X0Iud2pcWzcnUTk7MVIy,QDlpcGZCRTdrcnkuISI4,eG1eUn53eDdMeE5aJS8u
PV9hJWNlbjVJYTQqUTN2,I1lVcyQkZTF6L2ZOQytE,QnwsXHE5YTE0ST1aM0wyUw==,bUledE89VzdiLVlbUCVI,fXVpanJjODNdV0c0XDk4,c11uNEhxZzgqUVNtXTdP,WnMwMT1GRTEwN1B9KzJMcA==,eylmQ1gwJzgvZmw9QWJM,SW8lMSlrbDgjV2h7Z2xz,Knlie3pOLzR7bSZPSFov
VCdRLVFBLTVgaFo5aGd3,dH55e2MsNzEzN1M+VXRzZw==,QyE7MSlNSjdgbW4rez5k,IX1LaGhEUjFuJ09uWE0h,aHc6VHAnIzEyLXVJLzx7JQ==,ZTJqUmdWMzNFLkM4ZXdG,U1YyWzElTzEwN2xCIjxXUw==,TSM2aVpuRDE0Ny1ZLD9ESw==,XUFKUk5bTDExKkZ4e2tSeA==,TCRze3c5XTEyXk1HJnd1Sw==
VXVnSE5wMzVWdCtLd28x,YmpwMy0lVTdEYmIkXWwr,cS1JUnojQzE7QjNpMWlp,XEhwJXZGODgiMFxCTz0j,TlI3aGo9SDI+UFc3bWVo,OU9xfFwpUjg/IlZON1Vr,Ui1uWzxbfDI6RT4lc0ho,a015aDZ5NjE0Ri5he1Albw==,QylgPzddeDdrZklgZXoq,aTBMa01tWzdbeTMyb2Qh
eC07aT15ejlgWV8tfmRn,LF87IVB4XTh+dj4mfkVq,dWxZaWxQbzQicHhDRUMj,NVg+PXwoczc6Ui1vRWdn,dGRfPF5wdjEzPF5yQFQrJA==,WDJbcDduUjc+cU1+QnRl,PHlsYDV9NDEzdnowLlQ5dw==,WWYsMlB8Jzd4dTYqS19v,SnpDLHpHSzFgTSZfVkMu,Y2RNXFF6OTEyKWInfSh+eQ==
LV5fWFdzRDExZUJeV0FJMQ==,bHIjLTw6XzZwcEkjX1g9,KkdnMlM1NTElLyF2LFxu,MSg5NlMqazhLQWkxYyo/,RXUsO3FBMTEwNWs0UVI3dA==,ZV5wSHouUTAuXSEhOWBz,fFwyRURiczJSLUN+Pjhq,J0dHbEowVzArbnVKLTpI,ZWktLVpgOzg2VSJlRTZT,azRaZUk7TjE0byRnKytFZw==
OnxSQExpODExdHhEIXU4Vg==,W1hoJ1o8XjhmQXExZ1Bf,ZzJQdVM6IzgsMnM+I3pZ,QSt2KTNkRTEwd1siLnlmLQ==,S31fLHs7bzE0dyFaZy1rQg==,a2EqLzluWjEzPDo8bVxXIg==,YUB0KipgYzEzXktpYmh9JQ==,Lj92Xk86fDlxXk51XCw2,IlA/Wi1ZXTEwbEd7TkJZIg==,aywrP2N2YTE0N0Q9YSIyew==
NUclZ0BUV0ZvciBtYXplMDIuanBnR30sLGZjJg==,NTR9MmRlNjEwMDpidW09Ims=
RTxRRT84TTdWKDd6ZnZa,NV9Val19WTdYIU53RHwi,b0NYPCFWZjExXl8tfGpCeQ==,QVNFRzhNSzZnZEJVRUp5,IiRDRlw7UTNHJChEWEhR,YWJ7clFjUjEwNzomXX4tRQ==,R1g9Nn4zWzZ0Z212MU43,anwnb1tHMTdgbSdHfXQi,T3Q+Y21FWTNmNiZFTD0p,JlRdXHVNMDE0eFZ8PSJhLQ==
cHwlSDkoJDUxRmBRJlo7,XG8qRTUyPDVrbj5pUylC,c05SZitnTjExTUQqRGA2dg==,VihhQGFsQDg1ZiNaclYu,RXBfJVYlejBXIV9aeSp2,aWJ9TnBrLTE0QFk8JDZrVg==,amJtRyIlWDlIUmpmYmVL,LUBXKkJfJThGcTNiaU9f,Xil1byRfUjB6PiE2QiVT,YFdmaSx7SDE0b1ZcVStXYg==
IUFsNmBTOjE+QEdBdXp6,ejFnNidzZjA3W3h1PlND,Y0tzLHgsdTEwNEJwTT02Mw==,PzRTbypSQDE0Y2Zbe3pOJA==,R3xoKykjNjEzJ2phLiUseg==,R2lXOEkjajExYzoxX1ltZA==,QlM8bXAhSzY3ekI5b1hj,Q3B1QlktKzNHTy5FTUNA,RCFqfSV1JThVYENVVmpf,XyhCWVgyZDE0OzgvcT9OLg==
V04zQGYsXjEzbU9BQ2d2OA==,TT1SV3Y6bzViIWpHPUt3,SG5hfE5WazExK2lMe3V8Iw==,RTZvZC5pZzJgMkVYJENH,PTlNWmcrOjE0X08kZU5zbg==,NS0zTywtKjNNOikzVHwx,SzJcPydjRzhCRSImSWJU,LSk2LnU+YTB5Vz11Jkst,YUJgJ3pJLDEwanQ5Lj5YeQ==,PzJPLDxdTTY6Oi06ZiZe
JiolQH10TjNUc2daL3Ej,Rmh5bm8ocDAkTjg9fSRI,MD4jVnJnLjIqTSp0Nyok,YWl0LnE3VThDSjN4K1ou,QkI/c2RGNzJMQnl1dEYo,eHVFNEt6ITEyXTJ1IW8lLw==,XS1eVFxxcTExXVNuOi1PcA==,Q1BYInUnNjB7P3A7XGoi,VVAlfFZkZTE0InM2OHFfbQ==,bVZmWWA3bTEzLSY/bV11eg==
Y3k2WmNLejVzWyhNN2V2,IiV+OSRHTzU5O2pKajhW,L0pxU1lnUDU0QTpxWi5e,XUNYbUAoSTExTGt1JSVCXw==,PXRIMXJqKDgxX2NVT2Uk,N31cayFoVDE0bkpkITNOZw==,NXBYVHElRTExak13Mjg9ZA==,NiZYUnctYTRWW0lDW01r,bUtCUF4sTDNwNFswX21r,OGdhemI/PDE0b1leY21uVg==
em5lREo0TDU7SClkPkMp,NT5IUWwkTDVBa2l3KFdY,NyI0XWhNPTV0b19sWGdt,PzBHTVJBVzExeVBLMi9eYw==,QTcvY1YodjEwRzomaTIsLA==,RXFePE8xbzJNSnhbXlZl,OlcjJDNSNzJ1TVNye319,PTlZYmRiNjg+RD4nNlla,ZlInQGsmNTg7SUU6ajN7,USguIWRDYDYqWyxPLmVo
SjR3T3A4OzVVTSYvfVIz,LSlVVUFwKzEza1dBJm9iXg==,NT0nQCdOPzFGQzpYT0ZS,XnZvU0MsJzZYLTVfQSFr,RklzeT06fDExcz5ceDBNZA==,a3ItZHMwJjEyelxfXDRGWg==,emk2LEolcjFcWWVmMkYy,OVw7YUZQZjZLZCJzKj5V,QyQ+cWRYajNjL099K3BY,ImVVLyd5QDEyI3VlTCpmUg==
SmNwZDBWZjEyWDpiOi0o,PzMqfkUqczZIVH57J0NY,P1R4IydkZjEzQk8iMlNATg==,cCRnRydOIzVbclVBcFIh,LDouOC1DZjNucER1dUFI,VG8sMHNKVzEwbEx6T0lMKw==,bC0ldCNhPTQjZ2dsJDpu,NUs3LX4odDUyW0ZyfH47,PGtmNygpOzFnXThYOG4i,eFxcfSY4WjZkNkt+Ii5g
Ki46QjV9fTEzZTIwLnYqSw==,ZUVAWFNPJzkxKj8/ZWks,SFpEY0JebzE0ZSFRdUA9MQ==,eWJhM3dKMzEzby8nSEYpSw==,dXI+S3QzUDEzVEx7XzRjRA==,W2k1S3cwPDExJ3EvUWA/YQ==,Lmx1d1xwXjEyNTM8MCFPNw==,RE8yYippLTEzKEtXU1pWUQ==,dCUzIVkqTDEzS2dLWiwuQA==,NC9BPHYlZDEzPHVZaX1wKw==
RFVTP2VuUUZvciBtYXplMDMuanBnXSNbOFVEcA==,Rn1Pc3RiKzEwMEM0eUZtbWs=
RTdjWiIpIjcpJ1UwOiEo,aExQfTdVbjExM24jcT1yMA==,M0J1VlJfKTJISFVXMT1K,MWt0IkhFKTE0bWhAaE98Rw==,LHthN0h+NjN4PT95eEA+,SSpHXHUlUTE0eUBjYWUnMA==,WHtLTiJaRzNbIXRjP3lF,QVlWXiJcbjJLMm5XVGZo,SUpNfHZJUjJBdzgsOFNo,fS5Gb24yajZPR056NlJ+
S2A4XlQwLDU2Iz1UQEk7,TSctcjk8KDExRnkse29abw==,aVVyey09OTBZSiVPZ2Yi,cHBsbEJsJTJXNllTVCVA,NTcxLF83ODh4UGFnIVZn,WlNkYDsveDIvbkFGOS1c,TU0+UU4pczQ+aVJ0RF1k,SktHM0BPTjEzUXEjUSVXcw==,dnxueEVnfjEzd2cyb2xgTw==,KkwiWl92JTVCJ09FSVIh
OV5AWiUwczF7QilIW2N3,ZmImRXZAYjEwLGFFPFkrJw==,RG5vOzQodzEycV1zWkRBfA==,SGtNJmJbdTEzLjd2K1Ipaw==,UjZdT2VAcDExNGwoWj4qYw==,Sz1EZVZAWDEyYUw4XndDKg==,Vm1uIlxvLjkkKE9kbFFF,M01YVjBFQTJ1KGg+dUta,dmslWWAxJTE0J0V0UC5yKQ==,ZlhZUCdNQDVbTnM4TnVH
XnEyYHNKazEzZHEjIVBsZQ==,fnNPc11IZjExQlh0YGlpZQ==,IV9JZHBQbDZ+VTFKaEgn,UkwubGd2KTNefUJGTFtX,c3YsP1hffDJgbDFYS04v,OyQ9eEVqWjEwSDVmUkVSSg==,QEtgYUBOMzEwWyF8W2IrNg==,VCkkOW1EVTA6SDBWcX1W,OmM0ZzRZdjE0blhLaGt5PA==,fiF+T3UwcjVHJXUrPWFA
ZU1NLWZAYDM6c3c6MC57,R3RNPnJSezEwKnMpPlI5Uw==,Mi9QLmg8Rzg5TWFvfTpl,cU5+d2tNaTQ6S3ttOCZQ,ITlPNG0kOzEzS2kmcHpqVg==,N2VQJnVWMzM5KFx0RSM4,XXw+TDdLJzEwR3AuMUQiZA==,JHJAbyRFMzAtaWR5YWpk,Mzp5ZlY1cjE0XndSTmh9cA==,KmFqJ0VKezVoXTtPVHhf
TTxhTUNTVjEzN2QtezE3NQ==,UmFMV2ghSjExZVZMWVE0PA==,TXR3aTtRZTEwISxobip6Kg==,ZzRjXCR1bDQ/IU1jckoq,RERdYFpmZjMnTG4sI206,TV84eUg6SzEyeHh3eTUxTQ==,c2xmUEBlODExZmx9PDYsOg==,XjEnJiVCfjBYeEhUYEA2,Mk0wcjQ3UDE0fXw4T3Zybw==,VHo/IiJcdjUtO2lAK1A2
c0wlSlpvUjExS1xRZS5jIw==,RT1zQH5vZjEwdSFNakduRw==,QFIicGE4UDJcRDtFMGxv,K2c/bygrZjQ2d2gzWGBo,eW14RD5kPDUmd2Eqalll,VXMnSCdKejdaXWhcXyY7,Y1t2cHBebzdiKEs9cFZs,Y2JraztXfTFna2JiZ0pS,RHNBQkVbPjY9M29BfDxl,XVN1ezk2OzEzViR+OE04IQ==
RS52VEpXezMjQ0hKaWNs,NE9Pc0g8YjJAViE+Yyx7,XyRBUyM/STR4c28vYTt6,ZnhYNkthOjEzOWdOYD1ROw==,SEkoaGlgKjEzY1g6QHAveQ==,LC4pJU88dDFlKl1oOzlZ,TVctW1NtWDBMMVskJzd7,Y0k6P3tMejR3KnBbVlxD,Pm87azhaczliciZCfGpC,PkltI08tVDZgY2oicTZd
Ji1JeVBIbjEzOS1BLFBMKw==,RzdaOTR7UzVSaTt3J3Nz,S0BwQkJIITEzc1I6XnlyXA==,RFUoaXw6JTExeUQ6PWIvXw==,WFpVQkZ9WzEwakssLFJcaA==,YiQpMj5NNjEycD9uVXx2UA==,VFljKlN7UzU7PX5FfWQi,cjpGKVhpbDUhbnoyJUZC,eFhHMWxXPTExUihCMEhsWA==,YzJ6Ll9ZeTRra3lPYlpu
TCI8dExJODExIlEvQVsnMA==,NGtLS1xeajEyeEo2N2Q+Lg==,ZjdSYDNJQDExLTlAQV5VRw==,YWtmPC9aZjEwcE1TJ3UzRA==,YSZTU0s4aTEwbi98Y3tOeg==,RnVPbGNTTDEwei1eKyknJQ==,ZXtmUk8hfDEyc2MkVX0iJA==,MDklUzNKOzEzP1NYRTA3cg==,RnlEPV8vcDExazdTZi15Yg==,MTIxKW5hOjEyekswaERhTw==
cy0+bWhNO0ZvciBtYXplMDQuanBnYmQlRC4hPw==,Zz1OKWFiJjEwME0lISx5QzY=
cUp8fFtSXTcwJkZXMn1D,aEo0L3hXJDExJUh5aGZaSQ==,PjIscitQNzJaIl0pR3Iq,LyVcfkllPjEwej5fTHFYRQ==,PTZWRTRlWjEwKEFwI0YyYw==,fCcvbGYyXDEwMC44SGpXVA==,LnNUQlFtMTYtUFVpMSFn,aUd+YH1yPzNXYEE0NDNO,UUhLN2tCbjE0KWN6UEl9Nw==,aVtRMHhmYDcraidday1f
RDsxdCdbSDVeO2tpKnpG,JGVrKVxFNDdQOUJYMHQ+,dFdpUEFvKDEzKWhDWzxoZQ==,ZTJDYGYnSTdBPVByQCxh,M20xdVV+WDcsUyRGYE1J,S2ZsPXR9dTExXV9wcC1GPA==,QzRfZWRWKTAqMXcsI05X,LXY8QVlbVzR5IjpObVJl,XTdtPiZLRjNyQUY1cXox,YnJrbmp4JzEyWidyRitpYg==
XGs/ZXV+SjE7bFNXV3c+,OygoeTQ6fDEyMWg1U2RJTw==,eyxWdCVGNjdiPFghKn1t,LzslV1RqUTkxO2V0cEUx,QTxRUnV2MDRfQ11bWj5P,dllUWyJYaTcxODcjVHNW,U0MyVTt6QTEzOjFXPlN4bw==,fSN9fE0rJDVneSdIJiok,YnpKOidMZDEuTnJXcHxI,RnVSdkpaWTE0M1VWQktWPw==
PSwufEAzajEwZG1vVnVg,cGpGbl5xXzE0XHByQjwuKQ==,MCc8LSZrbjFOUGhlfEM3,L0hVSTlJTzZpLFA/eFNO,Z0ksRVQ6NDFqIXdiW29g,aTtgfnMnWDRrezZCR04l,JTt2NC8ieDd8PSpGKEU9,WkMxWndNNTVdYChsZ1k0,aFViWnhEVjVRWlRvMDVf,WUshTFArODdgeEYpPGlY
Llk4ejZVeTEqaS19XnNI,YmdlVmZxZTE0d2Y3TV56UQ==,ZlR4KHtfdTEzVSUjZUhANA==,N3QreUsvXjVdXCU/c10/,K1AxS3xKTTEzfTQ8Tk9EWA==,VFReXDooJjlvMXYsW2gq,L2EqWXl3SDBgdFdAPS9S,biV3ImIqQDhSaXxwOixv,PGVKL2NKTThmRExSY0NN,MXM9ZC9NNjEyIlhcN0pUXQ==
b0cpfm59dzkpOWRmQzJu,S1JcLlUkTjEwMEIzUkEmOQ==,QTJ+YjhsKjY1fUkwODwi,TTVfJ09TbjlufVREdD9P,e1NWSDgyRzEwby51TDBVXw==,djRiOysmQTJgIyc4IiF1,TVBMOVItZzhpZ3hZXTtu,VylzRG88SDJ0My9ZQipf,PzJaKFtVUTEwT0NgUC83WA==,eGhCVC0nQDE0L2FudUJzPw==
dlU+JjJUZTd1UT1RZExx,SlRXPjx6QTNJJG5ka2R+,K2kxXkRLbDRHNW15dnAk,PVxuOExHeTd9d3VeQm8p,M1l7dD0rJDExRUN8UGdsPw==,UURwUSFaWTEyST17eE5STw==,R1gqXzdbdDdSTU5LQmA5,Vy00L1tSUzF7RjdWZTMz,OFJzQiJsQjEwViFsaHxyVw==,UCd8QiR3UzE0ezdBLiMpSQ==
U1xaXX15XzlaLFxSO3lV,aS0lND9FMjQjZ0AzTF0y,elg6PU1aOzEzeHMlb1FjSw==,cy5xdEtFOjkrfXhfZlVm,SF90Q1IyczEwKHpxITVsJQ==,Ryd4Vjd5QDIwM051Okdl,Mms0eEd9QTgmLSQ8SDBO,aTUvb3pJWTBoanhWejE7,TXVnZ0BtczImJ1A2fFEs,W0tte1cwOjE0cShkMGpsZw==
bDUyUk0yOjNidkFzdm9r,SU5IJnttUzBrMS1LZCZw,UyxeWUxZbTEwTnwsW0NjLQ==,JFRpWHZjTDZWY0xAMloi,P0RhYnNOMjExLUBuW08jJQ==,VEtjUidfMjQjaDg+aG45,dS9VK0pkejExQ0tcOFlDRA==,NCsnImQ3TjEyLHNCK0lcUg==,UVtteih7XzFXcnEtLDxF,XTM0dDU9QjE0LCh5S041Lw==
MnU4ImB9JzEzPGF8Sy1ddA==,PG97QUwjKTEzSVkzOGRlMg==,RHpMZmYoYjExLFMyR1hpNA==,Ty1PeUpDOTguL2xIT0st,SDM/bzV1eTEwc2xOcTlgRQ==,PDBlWWM4SzhbMC5GYlw4,JjZeJj5lSDEwWTZ5Yzk9Lw==,dTNvQl1ZdDE0W0Q1ZSZiPQ==,XHdpPy1rQjltVGJJcTs4,XXo6X2JWfTE0MV58STgwLA==
Xl9FZSE/X0ZvciBtYXplMDUuanBnV2BQJ1VlfA==,bCo8RUhRUDEwMHgpLGUiZzY=
Vi4uTkozRTdfelRBcTAh,TC1icUUoVjNmLyw2MXtU,TnZGXjpGdDEwTDJHOW1Kcw==,Y2dOTWYiSzE0dGRpN0h4WQ==,TDl9fnB6XzNSd1ZsS2JT,Tk8nJlsxWTJtYloiWE87,KEI5TyUwdTEwI0kiXUIvag==,ZHBqK0BtIjE0NDxOdkM/eA==,X30nfGtcWDExZj9XaEwoSg==,RUNyNSNjRTYoUzV0b1FI
OXR3a0ZYQzVLNW0oYk1C,SSRiSU05YTE9JW5WfT8z,RGx9ejVfXzE0V3k4eHphZA==,VDcxVzUlTzExQSMvP1ZYNw==,V3p3PEVsdTRtMzQnZjQj,Rm5WcDteTDlmR3E4eVVi,cidydUAoajZ5UHl1Wzlc,XjMqODxvJDExMl5aL3ZQSw==,fG4uSkJJaDEwOmZtZGJAdg==,RlMsajxAfTQkfGhOeS13
VXpxZGdyMTE4TnZLLDFS,dEs4WSk/MzAvWGJWZTd3,Q1t9NGYmNDJHZS42eW9U,XVBdZ2l0azE0RlhBaHxmWA==,ZjI7K30wTzEzZkd0JVg8eg==,V2ojTV18PzExWiRIUllqcw==,NUhHPSZVKDBzKFkkXmdW,OVpmYTUkaTE0aDVZMnBOdg==,dGxLdVVxITNNJGxUPnV6,UyMwenZXUTEybWNcfmwjMg==
OiVuajVSQDVYdEEjJyV9,Olg1bjsrZjEzUncsaXspfQ==,ViJZclNoWDkoKmJUJCZ1,IjNkLnt5RjJ8S2tdZzVa,P0J8ZzBvRDEwe21ick8hZg==,eVh4Jm1+TTEwPCs4anNZQA==,M3N+VV13KDR1TWciI3hk,dlw/JiQ0OTdKQkteJFtY,O3M4ZmtYRzViY0QzZ1FE,eD5RdlRCSDcvXVcrcV4p
aE1ZbD8mYjkyPyonbiJO,RUR4OzEldDE0VEEoN10oQw==,fXd3dG9jPTExWTM8TnooVw==,T1cyWUUqOTEyTHhZJmUuLw==,VXpSL2VTdDNMZD88IVgj,eiVvLW19cjEwLXk2WUtDRg==,WGNVXFAsXjhQSUEudD1I,XnEuZkt+ezBoP0crUVZT,K2BtVX1GYDg9cVlKT3to,PW5xd3cnbDEyZjxoallsZw==
L0IsZyVJZDExWEUwWGd8Wg==,JlR9a0A0fjZLX2RNcX1P,WkRmZHwrWTExeEI1LmBpNA==,X0ErU1hTNzEwbE8ke0dDJg==,MzJNNXdQUTEyVCI3IiZLIg==,IUR9fU1WMzdheDQoKTxB,cXohQVJAcDExUUZdJHVYSA==,eUUnfCF4TDR2P35kUj84,fiRvTlZuUDMkL3ZAJzB0,T3NEIyNufTE0eCMwNTYyIw==
WmU4XUFyUzExazRdYXRBOw==,WXFuVyttXjB1ZCZ8KFZ6,eTZDbjlyZzEwe1huZ2EzeQ==,bXZdVVJhczEwQ3BzS1dweQ==,aVhTZkohSjZiVCdaN118,cHcjOztAJzFvPT1gbFZa,Vjw5cS5HKTI7KU9ccG4p,PEAic0FxSzBLTSJqMnlg,fSpucyxwSTAiSnFgQlo+,QU8uWU11YDE0L3B2X1xMOA==
XWY0IShgWTExdFQ2byRTUQ==,TDldVVsxdDEyZ3hcSUAvOQ==,dHBPXXtlWTExdGRzdT18Xg==,cl9JaSlbdTJRZHpLUXQx,c3gqR0U9cjA3X3Emfnlq,NFlMNGBDMjRxVm1sRm1j,VXpHOnRmLDUlMChNPDRL,SVtIJU9MOjEzMl19JFh0aA==,NSU7QmtEdjkiJjA/LkMr,TnBbeFJcajYofmlFNk5y
LU5bP05RXDExRntCZ3xFKQ==,Tk5DcDFlejEwNkted0U0XQ==,YUt6ZiEwazI3OCskNm1b,OV45dXMnMzRqNmp6OWIl,fTlZOX1IeDEzb0QyTFd3RQ==,dX1yWC5IcjVRKDk4aj9d,MHpYcXlUXjFHa1dDOyw2,JDJAUiY1YTJlMkdvJTR7,IV5rWTs4bzYkVGJbN3Z2,J0ArXzQiYzV8MXNuYDJR
VHJ1XC07bDExZzN8PGJubw==,MXJlI0ZUSTEwNnZcQFhBbA==,KCI+TX1vdjEydlohLSwudA==,X1JfSmkjNDEzaiJoU1tUPg==,WkEhQ1NTLjExZ3pHN0tFVQ==,W1VNWi07MDEyfSklNGI1Lg==,JCxFTV1jbTEzYzZzcGJXOA==,S0tyLCFARTEzWl1LWStVMw==,aXpoN350bDEzLHNbZigmVg==,bCwrdVlqZDEzKDRiTHZuZQ==
dFVWVER4OkZvciBtYXplMDYuanBneSk8X28rYg==,N1VVMVV2WjEwMGpcXnMqXkw=
YXhxYC5DOTchX1J1MnNu,SHRndmRiRjN6RXFfY19O,fTZaKzd2NjYsJ0BEUWIw,Q2ZYUjQ8JjMtU1hHM1hX,fVZDdDJtKjZEO0hvVD4t,XURPTGBnMzN+QnNgQXVl,UXgzU05XSzEwY19YNV9pUA==,ZUF6QFVadTIid1B1TEEw,U2FiM1U/IzEwc19AbCpHdQ==,dTxtRnJyezY9R1szQStJ
MWllO1JfUzE9fChmJUtf,fUY7I183XDEyZjd3L1lrWA==,YUxOMj5vNDlaRlYuLS5v,PWZgciN1eTEyTUM8LzEnUQ==,L30qbml5KzkiUltdZCI2,aHdBUDQsMjEyV11ST0NQVg==,IkhFdzQwMDNCbiM1dHlr,cmNQRyNXSDEyYUdvSDtuUA==,czpaUFsqITdjWkU2SE0y,NX1Bb1oyPzUpOmlrZnpV
X3Y3MD8qWjksKkU+SHRf,ck4lSWl4XzEwUygrJjJJaw==,eHdadEZKXjEwNTE8J1t+dg==,QylnKnNlIzZcb2VvZjJP,PS9DNit6VjdrOHguMTYt,WlVYUG9rMjNHYUFra1tI,V3hTYjp7QTEyK2dpQVFEMg==,ZXY7cnFEazExIWRedC5bZA==,JWhAYFwwczRBZHsxYjd6,OG4xVDdNMDU5Wzsje1hj
VEkpRjA/YjM8eXZ6NScz,W1w/PjM3dTZcXEJeKnFO,LlYxQkteZjNTT0BlJ3Z6,PDZLKi1nWDEyckVfaFByUg==,az5HR1ZBXTVBblUkNGVs,dkI5dn5FYTl8TlopJyJR,LnNSK006XzEwIkRffVpmaA==,e0guZVw/UjY/X2UoPFZP,TTFxWV1MdDVMKDhDWWsz,XEtxYFhuKzUyalJuM1x5
JXA5eysnZTV8ezwqXGNj,eW0kQX5DazlQYyk3N01t,cD5oUC51XThObUpueT5l,NSoyNCVyJzE0YipaYyIqXA==,UG10dEdAdzFxW31tRDlI,fGJDVzQvTjJQO3BBJTRZ,UU94LTxNNjE0KkV7Zi9VVA==,XlxzXSpySzUtaFlYO1Az,P3QvLUFVYzFIYWooOHp+,bTtGY1FbLTEydlUxcHNAMw==
P0ozPnsuezU+akQ3cF5q,cz5Tem19NTExI1NnfDQ6MQ==,Tk9ROHlycjJtejA7SiUt,Yz9BOmxcJzJQTzpDTSsk,cnYmLGxMKjEyTl5jMkY4Jw==,P2BUVy1GdDUkRnNKfkIi,djldQy9LNDNSWVJbOmB1,cnRuX3ouJjEyckw2V1goNA==,Pk1gKSRCJTVAb3JtYVNw,XC9rJXBgXTdTdik6Jlte
QkA0ZyEyPDlJbWhsUSVR,LEkyMEIneDZoQ1xed1s1,TDF6OTEzQjV1cEVbTns0,PkNdZ05QVjVLSygkQCVu,aGYofW84WjExJn5fMz84Kw==,fCk7VkhScjQ/QTphUiEw,JGQ5aUhYNTl0YmRqPVlh,WjlIW2lRdzZOW3BGak1v,LDE+bEdUfDlhTGZcJk45,dnJLdi80ejQ/VEBEJ1Uv
fmJAfGIyVjNRXm5+WE1f,ejRsPGs2YTEyeVhYMzknNw==,NSRAS1QudDEzcT99Q0kyKw==,JXtpKD0iJTldPT5JbHoj,fiJfVEFzIzY+cFV+Xn5i,YlVlM3xqTTlJeFZvOGkl,aV51UmYqTzZYM018I0Yy,ej81RH1YfjU4TmtERidn,clhHJyV+VDc9UV5xODsk,ZVhIYVxIZjUsMm9tQXNa
L29tWXJTWDVkXWh+UHxu,K299NnhhKDMmJCtAP3Ap,O2pLKnZQOjEwdCtdbmUhKQ==,elkoQnUmYTZOL1kyP2gs,XDc/RzE/IzUhOURFJFZb,XEkzZV0sWDExekpmbCQzYA==,S1hSYl90STEySHcjfTpAYQ==,cSo4dy5AazV+JWpdXVs7,OXdlPitiSTUre1w/bSs0,JHNeMzRZMDVlbX16Mnxa
KihyJkN3JjktaS4zYmVy,O1B7SkI0JjEyK3FOP191bg==,OjxuYWUpPDExRVAnKCtSdg==,PzIsLFA6ZThSYSg0XFtT,NU8tY2MsITEyTT4oZCxgPw==,N0tzQj17cTExY0BRJCg+Rg==,WEJmOFkyJDEwOT5tS3dfJw==,On5rP1tzRDEyZi1vKzRYYA==,ckUiNFltRjlmLWMhL2Mu,M1l6RW1hQTEyXH5UIy46Tw==
QVtLTWNbMEZvciBtYXplMDcuanBncU06MzFuZA==,Kz0sbXklTDEwMCx4TT47a3E=
LDZ3e3V8aDM4OUh1eEdn,T01aJT4pYTE0dkQsRkJQTg==,aTosWF4jTzNcPVFYeiUp,XlFALTw3OTEwIzdzXW9oWg==,MU9wcXxmcDEwOSF5QG9sRg==,WythTG84bDEwcEgxMWdOdQ==,J1BdWF93MzEwWGldVkYsaQ==,XkwxdF5mQDJzJlc+a2Qy,ImZDaX5MTzEwRnNJS09+Qw==,Xy5MZko5RTZ9dmZJenUl
SnYvVjFudDVrVWtrT0Bj,cS5TYGdbVTNdIUF+aHFm,eEEkbEMiKDEyVX0rTSg0XA==,cGg6OTglUDExQiZTbiEjaA==,RXpnVEFoKDZceVhgbSt2,LlUwfSE0WjNNVmFnV1M4,SHRPbTotcjZhQz07aVN+,emp4X1BzZDEzKDx4TUNLNw==,PyJ+YVRiPDMrXlJrMil3,e3hFdT5+ODRxLlJuQ3V0
ZFlEPUglXjVnQjlRXjMu,dy1vd3g7YjllcFpnNjxT,ZlhxQHljVjI+eDRxWCl1,YCsnSHAmSDEwRDU2Z0pSMQ==,NFB7QDxMaDEyOTplUkgoTQ==,bVZuN1Q2UjUxLW8ld1s0,UV4lNTFLbzlGTlUjUlt4,aiJffn0vMTZUZTxJTUtp,Q3hHdWRPeDUmLkE3YEdo,LD5mNGo9TjEzbSRhTmB1Ig==
KU5MOF0jZTE7O0NJeHNX,IkRae1ZAKzE0VVtFJTVaOg==,MlU/Tm9+QzVNVSU7QkVV,PV1wMUNnOTM6QkpWSXh+,OGJ5UUpGcDZ9YnhZRGBf,L2BoYVw7RjlYOU4ybF1x,IVw/cl9mTTZiImFfY0cq,diR3dmFPWzVCOUdRMDdP,P1ZkWlwkajlYWTF2OW99,OytbSio7TjYnQDdcKiUo
KDtQWm1PRjkiZnc5JXdI,P0dtP0FeMzEwcVovOFM9eQ==,eD8menM5dTEyXkRyPGBNYA==,LydUSFV7KjV4WkcxcCZW,cV1CbTskOzlsOkRvUzVH,bTF7MTopSzEwMC1rZn5pfA==,R3NSXy53QjEyWi9KMDImWg==,Ny1UOS9wTDV1Z2FFIiQn,dTtAIig1XzNMcT5qR2l7,XmQ6SztjPDEyXUBKT0JCag==
Y2FyL15VeDNsZCkyLk5b,ZFs2R2RfZzEwS0c+Jywtbg==,QHxZe0gsKjZFWktuKVY8,YkFpYV89azVGOlJnM05f,MU9BOEFTLzcqYGFLL0J8,M1xtfDk5VDNuJzc8OUFi,TDg0T096NTEwM2g6PEt2cQ==,XmsjPXwtYzEyaWVwMW1cMw==,Rz9iSTkvezlbfTcyMD50,R08uIV5laTZELiE7Qjwx
ZSl0bkElVTUib19NcCo3,Jy4jVGs1bzExXUZKKUJrSQ==,cn4iQ3Z+TDhiYCkqXGo+,In1MQ14pXjEyVGZkWzZoZA==,YnozaipYNjUjXD1eO3x9,QV5TKVZaZjV6QndSZEI3,JVoofWA1QjNTYzRnTzEj,PGxyNHZqNTZmPGhDMSpG,fH54KVlmIzMhQlh8PzVn,WEV5a2ZmdDEyMTI7REtRaQ==
SjMzKiVsZDVoKmwnX2J6,XyUiKFxzWzdjSyswL0Zc,fXNYfUxkRTNoaXkneV5v,O2JiJEgkRzEwdT1XImBZWQ==,UGVoTmFrNDQkZl1CYj95,ZVVeYSVrfDVXdHtFZVZ6,UGR6VkkpJTUxbHxUVVhe,RGouWHphQTVWVDUyXiRG,TDI1MEojXDkzc08vY2pm,L2tgaitDLjZuYUlyIz1Z
cy1GOnpMVDVuMUMySUlF,bXZPWVl9QTVPU0pKZmMn,VShyazRFeDl0PzdTWFlO,TCp1TS1yUjYlTDIlP2Jh,UXcvWEZnMjUvc24+UjQh,a2ZVeS1tbzlkM1QsUSc3,XWxXRDQ3MjEyWkM/JUJ2aA==,Knk3OFUnOTklbSZGW1pH,JiZvaSxfUDZDK1A5XFN3,flJnXGohajVMO1owcjZx
JDJcJnM1LjlhWXtvVW5i,WzJKdXtbdDEyTVN7Mlc8Qw==,cTl9YiFQYjExNDE6NUohXQ==,KGEyZSZFQjEySz5eYFhwRw==,RXJGMHd9NDlPfHBySChA,fHJOTkBDYjEwNF9HRnsyQg==,LlNGLXheWjEwUUErRjRRSg==,YTEtQDMyLzEwPCkqP3MxTQ==,byVFXn1AajhWOXVBQ0BG,ZFJ5UCkrRTEyQT1lNmpxXQ==
LSUyRz5tckZvciBtYXplMDguanBnciJ7LU8rPg==,VS4nYkFMRzEwMDhOKCgmdEk=
OGBOZCJkTTNBYzR1VSo5,Q2JpNT4pZjJ2ciVTXS9o,U3tVVXZQQTEwJGxOSFh3TQ==,a1Qxd3ZjQzEwUzhjV2tUUQ==,LFVyLmA7PjEwe1IlVjlNbw==,dWBEMjEhdzEwWlFzP245cg==,ZExsYUVaSzYmWSFxbnZZ,azVkbWl0UjExSmEpSU0qWw==,NihSL3AjKjJdZiYnUHpd,VE9qejRvLzYqUFhPSTdW
S3EpKCk1ZTVWZCtzWVdn,Mi8ubElJQDU4SFg4TDNY,T25paFMmXTNieD5SeSc1,SG9UUWVLYzEwZn51M0ssLg==,bERpVUdIUTEwOlheU3tiWA==,TV88ejNYazYzNXExVUI9,b3MmW2U/czlKNWNnWUt4,JCIxZ2Z6cDZ9UD5ZTm9d,XmN9WE9sPjEzME46OlxmMw==,dyduVmpUbzVDeVckTiNg
ZEM/eVZzYDVHSGd9JTV6,RjllMFcwdDkoNkIwVCZS,MXI1JSd1JzhUU1AtcnI5,SilrTjUyYDEwZjEzISEwPA==,WEUjQXgtYTE0SDBSQCxxfA==,OlYiW09idTV4Ll5pTSE5,eyFdTkxBQTN6XXRMaDlm,cnRHZywwMThMdmtEMnxC,PldXJkgrRDEwUU04ckwsSQ==,XFFESSZxdjReLjg7aUh2
UUI+PnhZSDU8WmgvfDEl,UExpby8pdTNGNTVPLGtO,VlUuLUd2MjZpW18hOURn,UFVxLzkyRjMlOUZLaGwv,RDBWZE4najEwdClCbkZgQA==,RkJ6OixObTEyQmlPTHYxbA==,Pix9b1hnMTEzRkwvOmw1RQ==,WlE7c2lrIzMsQHN8NGlG,RUx9ImtPazY/NihHJ1Q7,XWtvJzMvXDEzWSwsIyNYIw==
YnsmQSpEKjlwSDBoPEEo,NyclbyRbPzEyQz4iYTF9Tw==,TDBOKXwsPjUlQzR0OX1x,ZDQ+Lmw3PDl3ZnRpdGFO,JXRBTGdtSTEwXVd5MGRDaA==,LTVjZFA2SjEwQXtgb3dkKA==,aU1BPiQrKjEwNyRzNCQlLg==,L2k3T1ouVzEydVRjPHhqUA==,VGhUX3FTbjlTJUpIVyN7,KipNYUQrLjZfQGQwXltO
VHM+J2VVNzNROT5uQV1H,OTBiLFdYfjE0M0g/eW9ddQ==,LCRiLnUiNTlieERsQEll,KltpUE0jVjEwN11dWkohbA==,ZURIbGA+UTEwR3EuQjViUA==,byxyQWlpfDEwX2V1Zm0xXw==,Kzh7LzExPjItYVMxZ016,XXt6QmRZYTE0c0tMV1wyRw==,MndaPE5wTTMxLGl8fWRR,fnt2KWV1SDEyQFJ3eVZQXg==
UFRkZWdMdjFKQXVzOGlt,fWRoXi90dDZOWmxPWChI,KEo/L0xHcjMveDM2ajJL,ZzlzTy14cjEwMGReciN0fA==,MipFcTlWJzIicWc/PmJZ,Yz9SbHx8RTE0O0BpV3VbZQ==,U1leSlU6dzVIaDhNTlg+,MD5kaGJkeTNoYGZIYFJ3,a0FET0FzcTEyOW5yMCVeZg==,ezl3JickXzdYdyMhYFQ5
SXhGU0A9YTVrfSVNZUNP,InRQdlY8KTk9dypeZz1B,IURRJ0t7YTEyXTg/M0owOg==,ZWNnKjFUKTctUGd2ZnRw,OTFwNShJbzkyJVpxSjB5,Ln4+TGMmYDEwZixfdCcteg==,OkAvX1xtODEyVmhBKk5wbQ==,MSRbQGRQSjEzX2JwPzkjdA==,fUBGZyNPXzN8M3JhWkxX,dkQ/dXlAOjRHYXJaSmdw
aT0zdmNAMjlkNGojR2pP,eV8paTFBZjZBVmRdXjJw,VFpgQVktMTMnZmYjMS8y,fFpkaGM8ODRkOURpPm1h,YT5cSW0mLjN4NFMpLGhd,bDhdX24tSDEwT2dmJW04WA==,ez8sOipzUjEwOCljXEF9Rg==,XGUyXSFWOjZNNV8lZzhd,aUooTSJ1XTEzeDBId3F0fQ==,VV8saE9HdjUvJ1RaQV8v
PDAofCZlcDExdXpdbXcnMw==,OEhIdzRLRjhQIWZVV2pW,YVd4Kz5GITEyfTtxdHluVA==,InFRXD5aVTltVlFJNVEs,R2VFL1tpVjEycCJHIk9QIg==,PXpQXTVVUjExaG9cU2pzPA==,S3d9ayo3RzEwcEYjajhJRQ==,YXVAPE5NJjhuOlM6dU5A,OEVzImY6LjEwS1doIUVdeg==,WkN5eFxrQDEyM3diTnJYOQ==
ZSU2WnZ1fkZvciBtYXplMDkuanBne05LWjRJSw==,JXpnYy05OjEwMHFYUnhrOj4=
dmt1bk1EYDM2eHRkIUNx,QDNsLCF3fDJVaG9GSCVY,JFlvXjhlLTEwYG0sYHc0cw==,bXg0T0dJdTE0Y245TzM9ZA==,disldyEkbjMzNXtMQC48,WSZZe1VETTEwTG49IlUnSw==,cFgpK3A8aDEwY05yKmtoZg==,L3FLUF57YDZYJXspTixb,T1F8O1NMMDExP0pGeUVgPg==,TWJfMXVrVzYoMmotdTBT
IydILjlfeTVPVGZQNlF3,LGxCRUxMKDVOPF9uKlwv,UVJWQTRzazExKE5DKGw5Lw==,fVUiJHJdcjEwQEBaTFxafA==,YTI+fkZXajEyblc/TFRDaQ==,eC4peWw0dTNccDlzQCtj,dGB9cl1lZTE0SjFvLUJWMw==,LkVASjkwcDktfE1TWnZj,Q1hFbUhtcTEwWjZWLTI2Xg==,Tm4sTGF+SDRIY10/InNP
dVVAKUUpajUuWzp7TnJS,fEclLkczUDluI3hrYUhP,UTA5MXhyZzZvUTdVTTEh,eCUiYkBKLjMnKVkwTUlX,WVYuRzJ1WzEwIXp2RT8mMg==,NWgsfSFSaDgyUyIwS0N7,cU96ISt2MDEwOndkUEUyVw==,Wl94RXozYDEwTV9Dey16KQ==,Okx6N3hmOjEwZSQvV3MrXg==,KmNYQUZAaTEyelt3REk5Vw==
Ozk/PmtcUTV5OjNwJVc3,KVcmeFV9TDMnIiZAWzwx,T1QnPyY4azRlMWY3eWw/,OGQufCI2aDk2KnB5Omsy,Tz1Pc3g3KjZbd3BgLSdO,RUV8diU2JDNjLXo6U2RG,aG1EMiE0UDIkIk4yZlku,aHN+RHFONDEwKFRgOG5SOg==,VlMuMlBtaTEwTzQmRHx4LA==,RW50JDZtPDE0fSI4elRANg==
RUd6bmAnXjU8ZVBXWTwv,Nyl6W3UpOjVuWkAvfFMr,M2ttNS1PJzVhaHR5e0No,SkNgPiZNTDN8S0BjX201,OCRUWXx4ejEyKElCXWZwSw==,eDtkPThKKzVjW05pRi9T,U3JibFghfDEzOkZoWys6bw==,aGgkfWElajMoeiMmc0s9,dC93KCYiKDEwWkM8X2JHbg==,ZkNZLzonLTZXPE5rUjdu
UEQ0Myk7dDV5TmRMSGom,LiNYaUtPRDVWPD96Xm1b,XS5eSmY8LjUlIzFRPiQ2,TU8rMmlFcjVuWTJjakZF,JWN4OT0zPzc9OCckRS0u,YjJIV0t9aTEiZTBmQydz,MGNwOD1gJDZRS3xEbG4i,QzlBSyxzcjV0I31hMFo8,KU9WbEY8LjM5Lj5tKnJF,WTVJcXQmdzQxdjhhOTx+
fUllOjtjdjU7OGE0YX47,QzUpOUI4QjU0X2klYWlK,TmJDeCheXzEzbm1MO0JqOQ==,aD9iQmV2bzUhYy1LSlow,eGhES0pBeDkqQ0htTUou,L08majJELTEyTyRBJU43Ow==,a0ZVMEE/KDVbcHRuTDJ0,S1VhJHEkRjU3SjU0T1c/,MyE3NDAqczVsen5QTUYr,MWk0I3hSSjVHUHdwcjVA
LHIvIX4/LDVmPVcsYWdc,Lzk8fkA8VDlpSENXakUp,OUk+ZiN7dDY/Xm5HUCov,PypJeWx1JDlxeShWUz19,WWV2VlpCazZ2andjVjQ6,a1RMKnB2WjNOVG0jVj40,LyF5JnAmWzEyMU1CI0lfQw==,ejBXdnd4KjUuO1xIIV0j,InQtbGd2WjVFekh4Jm9X,SExffFQ7dzU9VHVJUVNb
P04rZjVhfjVfdDxdXHkn,YSFFJnZdTjd9VSI2OSVo,KFpqUWQrLjlabnRyOUFS,cGE2QmAvIjZdSHNFUlNN,J30hdj50XzU3U05beVZA,RjlBbTFmcTlAd2dsNEBG,WztdaGs8UjEwLW46QGU+OQ==,Y1xuUUlMUDEyJTZXNUtePg==,KkB1PHJeZzU1V2NjQF4t,M0FkTEo5KDVcfi0wJWUt
US9GX0d1ZTliUDVAZzxr,W2QuI1NuLjgzIUc9ZXw8,b2M5fWdLMzE0MlAnbzNLKQ==,Tz5IQDc0QDk6NUBeJTs9,VU1oeSUmfTgzd087QnBL,Y2QmPSYtXjEwVnknN25NbQ==,U11rNWtFfjEwNyYkOVVnNQ==,d2NtTF9YQDEwM1k1bVYvNQ==,NVA7cz8tUzEyUlwhM0hGcQ==,T1A2dWhAYjEzWVQhaGw1bQ==
e2M6W3E9N0RhdGUgYW5kIFRpbWUgb2YgZXhlY3V0aW9uRCJGeTAuWw==,N09QJHEheDAyLTExLTIwMjAgMDE6MDk6MzlZK18sZD5p
